INSERT INTO users (id, name, age) VALUES
(1,"Mr. Chocolate", 20),
(2,"Rowdy", 10),
(3,"Tabitha", 6),
(4,"Sargeant Brown", 19),
(5,"Melissa", 13),
(6,"Grinch", 2),
(7,"Wendy", 6),
(8, "Null" , 20),
(9, "Nevernude", 21),
(10, "Pizzaface", 13),
(11, "Rododall", 44),
(12, "Fifty", 32),
(13, "Annas", 31),
(14, "Bananas", 8),
(15, "Emmett", 0),
(16, "OMG", 3),
(17, "Almost", 67),
(18, "Mr. Long", 88),
(19, "VM", 66),
(20, "Varga", 55);

INSERT INTO projects (id, title, category, funding_goal, start_date, end_date) VALUES
(1,"Mr. Chocolate's Project", "Charity", 20000, "9/19/1999", "2/12/2012"),
(2,"Rowdy's Project", "Charity", 10000, "9/19/1999", "2/12/2012"),
(3,"Tabitha's Project", "Charity", 6000, "9/19/1999", "2/12/2012"),
(4,"Sargeant Brown's Project", "Charity", 19000, "9/19/1999", "2/12/2012"),
(5,"Melissa's Project", "Charity", 13000, "9/19/1999", "2/12/2012"),
(6,"Grinch's Project", "Charity", 2000, "9/19/1999", "2/12/2012"),
(7,"Wendy's Project", "Charity", 6000, "9/19/1999", "2/12/2012"),
(8, "Null's Project" , "Charity", 20000, "9/19/1999", "2/12/2012"),
(9, "Nevernude's Project", "Charity", 21000, "9/19/1999", "2/12/2012"),
(10, "Pizzaface's Project", "Charity", 13000, "9/19/1999", "2/12/2012");

INSERT INTO pledges (id, user_id, project_id, amount) VALUES
(1, 1, 2, 20),
(2, 2, 10, 100),
(3, 3, 6, 60),
(4, 4, 1, 10),
(5, 5, 1, 10),
(6, 6, 2, 20),
(7, 7, 6, 60),
(8, 8, 10, 100),
(9, 9, 10, 100),
(10, 10, 3, 30),
(11, 11, 4, 40),
(12, 12, 2, 20),
(13, 13, 1, 10),
(14, 14, 5, 50),
(15, 15, 4, 40),
(16, 16, 9, 90),
(17, 17, 7, 70),
(18, 18, 8, 80),
(19, 19, 6, 60),
(20, 10, 2, 20),
(21, 11, 10, 100),
(22, 12, 6, 60),
(23, 13, 1, 10),
(24, 14, 1, 10),
(25, 15, 2, 20),
(26, 16, 6, 60),
(27, 17, 10, 100),
(28, 18, 10, 100),
(29, 19, 1, 10),
(30, 20, 2, 20);